,total_instances,correct_predictions,incorrect_predictions,accuracy,precision,recall,f1_score
CTI,56,56,0,1.0,0.9824561403508771,1.0,0.9911504424778761
DFIR::incidents,42,41,1,0.9761904761904762,1.0,0.9761904761904762,0.9879518072289156
DFIR::phishing,43,40,3,0.9302325581395349,0.975609756097561,0.9302325581395349,0.9523809523809524
OFFSEC::CVD,26,25,1,0.9615384615384616,0.9615384615384616,0.9615384615384616,0.9615384615384616
OFFSEC::Pentesting,18,17,1,0.9444444444444444,1.0,0.9444444444444444,0.9714285714285714
SMS,16,16,0,1.0,0.5,1.0,0.6666666666666666
Trash,31,17,14,0.5483870967741935,0.9444444444444444,0.5483870967741935,0.6938775510204082
