{
  "fold_scores": [
    0.9893048128342246,
    0.9786096256684492,
    0.9786096256684492,
    0.9946524064171123,
    0.989247311827957
  ],
  "fold_f1_macro": [
    0.987844341750078,
    0.9829247194976095,
    0.9847905415267845,
    0.9925767985469477,
    0.992030658417213
  ],
  "fold_f1_weighted": [
    0.9892596566464475,
    0.9784561075218514,
    0.9785126805329953,
    0.9945932843211157,
    0.9892591279688053
  ],
  "mean_accuracy": 0.9860847564832383,
  "std_accuracy": 0.006411400876528701,
  "mean_f1_macro": 0.9880334119477266,
  "std_f1_macro": 0.0038280813937101007,
  "mean_f1_weighted": 0.986016171398243,
  "std_f1_weighted": 0.00645074834334064,
  "class_names": [
    "CTI",
    "DFIR::incidents",
    "DFIR::phishing",
    "OFFSEC::CVD",
    "OFFSEC::Pentesting",
    "SMS",
    "Trash"
  ],
  "training_args": {
    "data_path": "data/train_dataset.jsonl",
    "output_dir": "./models",
    "skip_preprocessing": false,
    "preprocessed_features_path": null,
    "save_preprocessed": true,
    "model_name": "roberta-base",
    "max_length": 512,
    "use_attention_fusion": true,
    "epochs": 5,
    "batch_size": 16,
    "learning_rate": 2e-05,
    "test_size": 0.2,
    "random_state": 42,
    "use_class_weights": true,
    "no_gpu": false,
    "confidence_high": 0.9,
    "confidence_low": 0.6,
    "cross_validate": true,
    "cv_folds": 5,
    "cv_stratified": true,
    "save_cv_models": false,
    "early_stopping": true,
    "patience": 2,
    "monitor_metric": "val_loss"
  },
  "routing_statistics": {
    "auto_route_pct": 94.75374732334048,
    "human_verify_pct": 4.710920770877944,
    "manual_triage_pct": 0.5353319057815845
  }
}